card-digitalprofile-name	card-digitalprofile-position	line-clamp-2
A.I.A. SPA  AGRICOLA ITALIANA ALIMENTARE	POSIZIONE	B5/044, B5/043
AB ITALMILL - DIVISIONE DI AB MAURI ITALY SPA	POSIZIONE	B5/040, B5/041
BINDI S.p.A.	POSIZIONE	Hall B5-D5/001
CAFE' CENTRO BRASIL VITTORIO WURZBURGER SAS & C.	POSIZIONE	A1/161
DISTILLERIE RUFFINI SRL	POSIZIONE	A5/099
DULCISTAR SRL	POSIZIONE	A7/122
EUROVO SRL	POSIZIONE	B5/023
FBM SRL	POSIZIONE	B3/034
FORNO D'ASOLO SPA	POSIZIONE	B2/001, B2/002
IL PASTICCERE	POSIZIONE	Hall B7-D7/004
LEAGEL SRL	POSIZIONE	C7/005, Hall A6-C6/001
MARTINI PROFESSIONAL - UNIGRA' S.p.A	POSIZIONE	A5/121, A5/127
NOVACART SPA	POSIZIONE	D5/072
NUTKAO SRL	POSIZIONE	D5/040
SAMMONTANA SPA	POSIZIONE	Hall B7-D7/003A, Hall B7-D7/001, Hall B7-D7/003, Hall B7-D7/001A, Hall B7-D7/004
SAMMONTANA SPA SOCIETA' BENEFIT - TREMARIE	POSIZIONE	Hall B5-D5/002
2BIT SRL	POSIZIONE	D7/014
9 BAR SRL	POSIZIONE	A1/026
A RICCHIGIA SRL	POSIZIONE	B3/130
A.B.A. ARREDAMENTI SPA	POSIZIONE	A3/167
A.I.B.E.S. ASSOCIAZIONE ITALIANA BARMAN	POSIZIONE	A1/057
A.M.I.R.A. ASSOC. MAITRES ITALIANI RIST. ALBERGHI SEZIONE ROMAGNA	POSIZIONE	D8/114
ABATERANINKUNGA BA SHOLI	POSIZIONE	B1/104
ACCADEMIA MAESTRI DEL LIEVITO MADRE E DEL PANETTONE ITALIANO	POSIZIONE	B2/026
ACCADEMIA MAESTRI PASTICCERI ITALIANI	POSIZIONE	Hall SUD/009
Accademia Nazionale Pizza DOC	POSIZIONE	D8/076
ACOMAG - ASS.NE NAZ.LE COSTRUTTORI MACCHINE, ARREDAMENTI, ATTREZZATURE PER GELATO	POSIZIONE	A5/102
ADANOS ENDUSTRIYEL SOGUTMA SISTEMLERI TICARET VE SANAYI LIMITED SIRKETI	POSIZIONE	D4/014B
ADIMAC VENDING MACHINE	POSIZIONE	C3/187
ADIMAC VENDING MACHINES	POSIZIONE	C3/101
ADRIATICA ACQUE SRL	POSIZIONE	B1/108
AEFFE AGOSTONI Srl	POSIZIONE	A2/015A, A2/015, A2/041
Aetna Group S.p.A.	POSIZIONE	Hall B7-D7/009
AEXPERIAL SAS	POSIZIONE	C1/038
AFA ARREDAMENTI	POSIZIONE	A2/015A, A2/015, A2/041
AGENZIA ICE - ITALIAN TRADE AGENCY	POSIZIONE	Hall SUD/200, B1/104
AGORA' SRL	POSIZIONE	C6/058
AGRINDUSTRIA PLAST SRL	POSIZIONE	D4/056
AGRISMART	POSIZIONE	B1/104
AIBI ASSOCIAZIONE ITALIANA BAKERY INGREDIENTS	POSIZIONE	D4/057
A.I.A. SPA  AGRICOLA ITALIANA ALIMENTARE	POSIZIONE	B5/044, B5/043
AB ITALMILL - DIVISIONE DI AB MAURI ITALY SPA	POSIZIONE	B5/040, B5/041
BINDI S.p.A.	POSIZIONE	Hall B5-D5/001
CAFE' CENTRO BRASIL VITTORIO WURZBURGER SAS & C.	POSIZIONE	A1/161
FORNO D'ASOLO SPA	POSIZIONE	B2/001, B2/002
IL PASTICCERE	POSIZIONE	Hall B7-D7/004
LEAGEL SRL	POSIZIONE	C7/005, Hall A6-C6/001
MARTINI PROFESSIONAL - UNIGRA' S.p.A	POSIZIONE	A5/121, A5/127
NOVACART SPA	POSIZIONE	D5/072
NUTKAO SRL	POSIZIONE	D5/040
SAMMONTANA SPA	POSIZIONE	Hall B7-D7/003A, Hall B7-D7/001, Hall B7-D7/003, Hall B7-D7/001A, Hall B7-D7/004
SAMMONTANA SPA SOCIETA' BENEFIT - TREMARIE	POSIZIONE	Hall B5-D5/002
AEXPERIAL SAS	POSIZIONE	C1/038
AFA ARREDAMENTI	POSIZIONE	A2/015A, A2/015, A2/041
AGORA' SRL	POSIZIONE	C6/058
AGRINDUSTRIA PLAST SRL	POSIZIONE	D4/056
AKDENIZ DEPO LOJISTIK EKIP. HIRDAVAT SAN. VE TIC. LTD. STI.	POSIZIONE	A6/034
ALBA SRL	POSIZIONE	B5/012
AlBATEEL TRADING CO. FOR FOOD STUFF (LEUVEN)	POSIZIONE	B3/022
ALBERT SRL	POSIZIONE	C5/049
ALCAS SPA	POSIZIONE	Hall A5-C5/035
ALFA FORNI SRL	POSIZIONE	D8/072
ALFONSO FORNI - NUNZIO ALFONSO SRL	POSIZIONE	D8/109
ALI D'ORO SRL	POSIZIONE	A5/160
ALIMENTA PRODUZIONI SRL	POSIZIONE	B7/174
ALIMENTARE UMBRA SRL SOCIETA AGRICOLA	POSIZIONE	B5/008
ALPRO	POSIZIONE	B1/110
ALTER ECO PULP SRL SOCIETA' BENEFIT	POSIZIONE	C4/101
ALTERECO DISPOSABLE SRL	POSIZIONE	A6/059
ALTINMARKA GIDA SANAYI VE TICARET A.S.	POSIZIONE	B3/135
ALTINOGULLARI GIDA TEKS. MAK. PAZ. SAN. TIC. LTD. STI.	POSIZIONE	B4/050
ALVENA SRL	POSIZIONE	A3/081
AMO SRL	POSIZIONE	A6/033
ANCAP SRL	POSIZIONE	B1/030
ANDROS SNC	POSIZIONE	A5/165
ANGEL YEAST CO., LTD.	POSIZIONE	D5/005
ANIMA CONFINDUSTRIA	POSIZIONE	B1/196
ANKOLE DIOCESE REVIVAL COFFEE COOPERATIVE SOCIETY LTD.	POSIZIONE	B1/104
ANSELMI 1892	POSIZIONE	A3/081
Antichi Sapori dell'Etna	POSIZIONE	D5/040
ANTONINO CAUDULLO SRL	POSIZIONE	C1/054
APA dolci - ANTICA PASTICCERIA ARTIGIANALE SRL	POSIZIONE	D5/011
APEI - AMBASCIATORI PASTICCERI DELL'ECCELLENZA ITALIANA	POSIZIONE	Hall SUD/043
APRILE SRL	POSIZIONE	A6/033
APULIA FOOD SRL	POSIZIONE	B8/101B
AQITALY	POSIZIONE	D1/155
AR MANAGEMENT SPA	POSIZIONE	B1/145
AR SERACILIK TARIM A.S.	POSIZIONE	A6/030
ARANCINE SICILIANE SRL	POSIZIONE	C4/048 B
ARCADIA SRLS	POSIZIONE	A6/033
ARDEN TRADING SRL	POSIZIONE	B4/048
ARISTARCO SPA	POSIZIONE	D3/004
ARKMEN LLC	POSIZIONE	C5/186
ARLA FOODS	POSIZIONE	D5/194
AROMA - MACCHINE DA CAFFE'	POSIZIONE	B1/014
AROMATICA SICILIANA SRL	POSIZIONE	B2/042
AROMITALIA - G.E.I. SPA	POSIZIONE	C7/196
AROTZ FOODS S.A.	POSIZIONE	A3/190
ARREDART STUDIO SRL		
ART SERF SPA	POSIZIONE	D2/001
ARTECARTA ITALIA SRL	POSIZIONE	B6/019
Artglace - GELATO DAY - Giornata Europea del Gelato Artigianale	POSIZIONE	A6/047
ARTHEMIA SRL	POSIZIONE	D1/007
ARTI GRAFICHE SCUDERI SRL	POSIZIONE	B4/049
ARTSTEEL S.A.	POSIZIONE	D1/025
ARUSHA COOPERATIVE UNION LIMITED	POSIZIONE	B1/104
ASIT ITALIA SRL	POSIZIONE	A5/192
ASMAT DI DE STEFANO ADRIANO	POSIZIONE	B6/029
ASOCIACIÓN NACIONAL DEL CAFE' DE GUATEMALA – ANACAFE	POSIZIONE	B1/015
ASSHEUER + POTT GMBH & CO. KG	POSIZIONE	B4/045
ASSOCIAZIONE CAFFE' TRIESTE	POSIZIONE	B1/018
ASSOCIAZIONE ITALIANA GELATIERI	POSIZIONE	A5/176
ASSOCIAZIONE ITALIANA PANIFICATORI ASSIPAN	POSIZIONE	D8/070
ASSOCIAZIONE P&C ITALIAN STYLE ETS	POSIZIONE	C2/054
ASSOCIAZIONE VERACE PIZZA NAPOLETANA	POSIZIONE	B8/052
AUDERE PRO SRL - COOKIEMAKER	POSIZIONE	C4/052
AZIENDA AGRICOLA MARTINI SILVIA - NOCCIOLE PIEMONTE IGP	POSIZIONE	A6/058
AZIENDA AGRICOLA NOCCIOLENATURA	POSIZIONE	C1/011
AZIENDA AGRIMONTANA SPA	POSIZIONE	B5/027
AZIENDA MORELLO AUSTERA SOC. AGRICOLA	POSIZIONE	C1/023
AZIENDE AGRICOLE SCYAVURU SRL	POSIZIONE	C4/048 A
AZIENDE CAMPOBASSO SRL	POSIZIONE	B5/001
AZUCREN	POSIZIONE	B4/006
B&B SILO SYSTEMS SRL	POSIZIONE	D7/070
BABBI SRL	POSIZIONE	Hall A7-C7/031
BAIO FOOD S.R.L	POSIZIONE	C4/048 A
BAKERY ARENA	POSIZIONE	B1/103
BALTIC STICKS	POSIZIONE	C2/062
BALUGANI SRL	POSIZIONE	A1/042
BARBARA LUIJCKX SP. Z O.O.	POSIZIONE	B5/011
BARBERA CAFFE' SPA	POSIZIONE	C1/086, C1/086
BARGIORNALE - TECNICHE NUOVE SPA	POSIZIONE	Hall SUD/042
BARILETTI SRL	POSIZIONE	D8/008
BARQUILLOS Y GALLETAS TANIS S.L.	POSIZIONE	A7/012
BARRY CALLEBAUT	POSIZIONE	B3/041, B3/181, B2/044
BARSKIY ENGINEERING PLANT PJSC	POSIZIONE	C5/181
ARTECARTA ITALIA SRL	POSIZIONE	B6/019
ARTHEMIA SRL	POSIZIONE	D1/007
ARTSTEEL S.A.	POSIZIONE	D1/025
ASIT ITALIA SRL	POSIZIONE	A5/192
ASSHEUER + POTT GMBH & CO. KG	POSIZIONE	B4/045
ASSOCIAZIONE CAFFE' TRIESTE	POSIZIONE	B1/018
ASSOCIAZIONE VERACE PIZZA NAPOLETANA	POSIZIONE	B8/052
AUDERE PRO SRL - COOKIEMAKER	POSIZIONE	C4/052
AZIENDA AGRICOLA NOCCIOLENATURA	POSIZIONE	C1/011
AZIENDA MORELLO AUSTERA SOC. AGRICOLA	POSIZIONE	C1/023
AZIENDE CAMPOBASSO SRL	POSIZIONE	B5/001
AZUCREN	POSIZIONE	B4/006
B&B SILO SYSTEMS SRL	POSIZIONE	D7/070
BABBI SRL	POSIZIONE	Hall A7-C7/031
BAIO FOOD S.R.L	POSIZIONE	C4/048 A
BALUGANI SRL	POSIZIONE	A1/042
BARBERA CAFFE' SPA	POSIZIONE	C1/086, C1/086
BARILETTI SRL	POSIZIONE	D8/008
BARQUILLOS Y GALLETAS TANIS S.L.	POSIZIONE	A7/012
BARSKIY ENGINEERING PLANT PJSC	POSIZIONE	C5/181
BARTH GMBH - THERMO FUTURE BOX	POSIZIONE	D1/097
BECKERS ITALY SRL	POSIZIONE	D2/005
BELLADONNA SRL	POSIZIONE	A7/160
BENVENUTO S.N.C.	POSIZIONE	C6/008
BERTO'S SPA	POSIZIONE	D1/098
BERZA SRL	POSIZIONE	C2/001
BEST.COLD SRL	POSIZIONE	B8/099, B8/022
BG PACK SRL	POSIZIONE	D7/143
BHB ITALIA SRL	POSIZIONE	B4/003B, B4/003
BILAIT s.r.l.	POSIZIONE	B3/116
BILGE INOKS SAN. VE TIC. A.S.	POSIZIONE	D3/146
BIO ICE CREAM DOTS SP ZOO	POSIZIONE	C4/102
BIO ITALY NATURE SRL	POSIZIONE	A3/172
BIOGELART SRL	POSIZIONE	C7/054
BIORSAF SRL	POSIZIONE	Hall B6-D6/001
BISCOTTIFICIO CASILINO - F.LLI MASELLA SRL	POSIZIONE	B5/055
Black Knight	POSIZIONE	B1/147, B1/186, B1/152, B1/100
BLUETECH	POSIZIONE	A2/049
BM CONCEPT SRL - BusinessOnTheRoad	POSIZIONE	C5/016
BOB Robotics	POSIZIONE	A2/036
BOB ROBOTICS SRL	POSIZIONE	A2/062, A3/007
BOCCIA CONFETTI SRL	POSIZIONE	B4/002
Boerinneke	POSIZIONE	D5/040
Bogana Fratelli s.r.l.	POSIZIONE	D1/010
BOMBONETTE SPA	POSIZIONE	B4/025
BONFITALY SRL	POSIZIONE	C4/103
BOOXIT ITALIA	POSIZIONE	A4/047
BORGES BRANDED FOODS, SLU	POSIZIONE	B2/030
BORIN SRL	POSIZIONE	D2/009
BORSCI S. MARZANO 1840 SRL	POSIZIONE	C5/192
BOVO SRL	POSIZIONE	C1/036
BRAGARD ITALIA SRL	POSIZIONE	B4/042
BRALYX	POSIZIONE	D4/017
BRAVILOR ITALIA SRL	POSIZIONE	A1/196
BRAVO SPA	POSIZIONE	C5/075, C5/120
BRAZZALE SPA	POSIZIONE	B8/012, B5/021
BREMA GROUP SPA	POSIZIONE	D1/024
BRESKUI SRL	POSIZIONE	B1/194
BREVETTI GASPARIN SRL	POSIZIONE	D7/143
BRIDOR SAS	POSIZIONE	B2/039
BRITA ITALIA SRL		
BRONTE DOLCI SRL	POSIZIONE	B2/003
Bronte lab srl Criscenti artigiani del gusto	POSIZIONE	C4/048 B
BRX SRL	POSIZIONE	A5/009, A5/047
BSD BELGIAN SWEETS DESIGN	POSIZIONE	B3/096
BUBBLETEAITALIA SRL	POSIZIONE	A1/194
BUGAN COFFEE LAB	POSIZIONE	A1/141
BUMATANDA NORTH GROWERS COOPERATIVE SOCIETY LIMITED	POSIZIONE	B1/104
BUONINI SRL	POSIZIONE	B7/208
BURROLIVA	POSIZIONE	D5/043
BUSSY SURL	POSIZIONE	C5/129
BUUKA WOMENS MULTIPURPOSE COOPERATIVE	POSIZIONE	B1/104
BWT ITALIA SRL	POSIZIONE	D1/154
C.B.C. ROYAL FIRST SRL	POSIZIONE	A1/049
C.G.F. FOOD SRL - MIGLIARESE CONSERVE ALIMENTARI	POSIZIONE	A6/033
CAD Italia Srl - FORNI  DAVID	POSIZIONE	D7/083
CAFÈS NOVELL	POSIZIONE	B1/027
Caffè IAQUINTA	POSIZIONE	A6/033
Caffè Toraldo	POSIZIONE	A2/035
CAFFE' BARBARO	POSIZIONE	A1/005
CAFFE' CLUB KAVE' - G.I.FI.ZE. SPA	POSIZIONE	A1/121
CAFFE' FILICORI ZECCHINI - G.I.FI.ZE. SPA	POSIZIONE	D1/080
CAFFE' IZZO	POSIZIONE	B1/112
CAFFE' KREMOSO	POSIZIONE	D1/120
CAFFE' MOLINARI SPA	POSIZIONE	A1/081
Caffe' Moreno Srl	POSIZIONE	D1/040
CAFFE' PASCUCCI TORREFAZIONE SPA	POSIZIONE	A1/187
CAFFEN SRL	POSIZIONE	B1/148
CALWOOD SRL		
CAMBRO MANUFACTURING COMPANY	POSIZIONE	D2/023
CAMPISI CITRUS SRL	POSIZIONE	C3/149
CAMURRI INDUSTRIES SRL	POSIZIONE	B1/199
CANDIA ITALIA SPA	POSIZIONE	B5/056
CANDITI CRISPO SRL	POSIZIONE	B5/058
CANOL SRL	POSIZIONE	D7/034
CAPMIX	POSIZIONE	A7/125
CAPORASO GROUP SRL	POSIZIONE	A6/060
CAPUTO DI CAPUTO AMODIO	POSIZIONE	A6/033
CAPUTO IL MULINO DI NAPOLI		
CARACCIOLO AMANDULA	POSIZIONE	A3/132
CARIMALI SPA	POSIZIONE	A1/197
CARMA	POSIZIONE	C3/164
CARPIGIANI	POSIZIONE	C1/061, C1/016, C2/013, C1/183, C1/143, C1/021
CARPINO SRL	POSIZIONE	C3/195
CARTOPRINT SPA	POSIZIONE	A7/161
CARUSO FRUTTA SECCA SRL	POSIZIONE	C4/005
CASA DELLA MANDORLA SRL	POSIZIONE	A5/015
CASA FOLINO SRL - SOCIETA BENEFIT	POSIZIONE	A6/033
CASCINA FONTANE S.S.A. Atelier della Nocciola	POSIZIONE	A6/008
CASH ITALY SRL	POSIZIONE	A2/060
CASHLOGY by Azkoyen	POSIZIONE	A4/008
CASHMATIC S.p.A.	POSIZIONE	A4/053
CAST Alimenti SRL	POSIZIONE	B8/113, Hall SUD/040
CASTA SRL	POSIZIONE	D1/187
CASTEL MAC SRL	POSIZIONE	D3/120
CATTA 27 SRL	POSIZIONE	A5/166
CB SRL	POSIZIONE	D1/072
CDFOOD SRL	POSIZIONE	B7/008A
CEI SYSTEMS SRL	POSIZIONE	A3/061
CELLI	POSIZIONE	C3/134
CELLOPHANE & PAPER SRL	POSIZIONE	B6/011
CENTRALE DEL LATTE DI BRESCIA SPA	POSIZIONE	C1/186
CENTRO CATERING SRL	POSIZIONE	B7/119
CENTROFARC SPA	POSIZIONE	A6/050
CENTROSEDIA SRL	POSIZIONE	C6/046
CEPI SPA	POSIZIONE	D7/141
CERTIFIED DIS TICARET A.S.	POSIZIONE	B2/027
CERUTTI INOX SRL	POSIZIONE	D7/082
CERVE SPA	POSIZIONE	A1/094
CGM S.p.A.	POSIZIONE	B7/210
CHAIWALLAH.ONLINE	POSIZIONE	A1/186
CHEFS HEALTH LLC	POSIZIONE	C4/104
CHIARAVALLE	POSIZIONE	A3/087
CHIOSCO MOBILE	POSIZIONE	C2/029
Chiriotti Editori Srl Pasticceria Internazionale	POSIZIONE	Hall SUD/037
ChocConcept Belgium bv	POSIZIONE	B3/131
CHOCO GROUP JSC	POSIZIONE	C2/059
CHOCOLATE WORLD NV	POSIZIONE	B3/053
CHS CANTELLI SRL	POSIZIONE	D7/016
CIA  SRL CONFEZIONATRICI ITALIANE AUTOMATICHE	POSIZIONE	A1/028
CARTOPRINT SPA	POSIZIONE	A7/161
CARUSO FRUTTA SECCA SRL	POSIZIONE	C4/005
CASA FOLINO SRL - SOCIETA BENEFIT	POSIZIONE	A6/033
CASH ITALY SRL	POSIZIONE	A2/060
CASHLOGY by Azkoyen	POSIZIONE	A4/008
CASHMATIC S.p.A.	POSIZIONE	A4/053
CAST Alimenti SRL	POSIZIONE	B8/113, Hall SUD/040
CASTA SRL	POSIZIONE	D1/187
CASTEL MAC SRL	POSIZIONE	D3/120
CATTA 27 SRL	POSIZIONE	A5/166
CB SRL	POSIZIONE	D1/072
CDFOOD SRL	POSIZIONE	B7/008A
CEI SYSTEMS SRL	POSIZIONE	A3/061
CELLI	POSIZIONE	C3/134
CELLOPHANE & PAPER SRL	POSIZIONE	B6/011
CENTRO CATERING SRL	POSIZIONE	B7/119
CENTROSEDIA SRL	POSIZIONE	C6/046
CEPI SPA	POSIZIONE	D7/141
CERUTTI INOX SRL	POSIZIONE	D7/082
CERVE SPA	POSIZIONE	A1/094
CGM S.p.A.	POSIZIONE	B7/210
CHAIWALLAH.ONLINE	POSIZIONE	A1/186
CHEFS HEALTH LLC	POSIZIONE	C4/104
CHIARAVALLE	POSIZIONE	A3/087
CHIOSCO MOBILE	POSIZIONE	C2/029
Chiriotti Editori Srl Pasticceria Internazionale	POSIZIONE	Hall SUD/037
ChocConcept Belgium bv	POSIZIONE	B3/131
CHOCO GROUP JSC	POSIZIONE	C2/059
CHOCOLATE WORLD NV	POSIZIONE	B3/053
CIA  SRL CONFEZIONATRICI ITALIANE AUTOMATICHE	POSIZIONE	A1/028
CIAM SPA	POSIZIONE	A3/055
CIBER SRL	POSIZIONE	A3/188 B
CIC - COOPERATIVA ITALIANA CATERING	POSIZIONE	D2/015A
CIERREESSE SRL	POSIZIONE	D1/061
CIMA SPA	POSIZIONE	A2/062, A3/007
CIMA SPA	POSIZIONE	A3/189
CIMBALI GROUP SPA	POSIZIONE	A1/178
CITTA' DEL GELATO SRL	POSIZIONE	Hall SUD/001, C1/130
CIXI KERUI REFRIGERATION EQUIPMENT CO.,LTD	POSIZIONE	D1/112
CLEMAR SRL	POSIZIONE	B4/024
CLUBHOUSE	POSIZIONE	B1/198
CNA EMILIA ROMAGNA	POSIZIONE	C6/055
CO-EL Metal Detectors	POSIZIONE	Hall B6-D6/004
Coclico' S.n.c. Di Angela Forte		
COFFEE ARENA	POSIZIONE	B5/035
COFFEE COMPANY SPA - CAFFE' VERO	POSIZIONE	B1/109
COFFEE EXPORTERS AND PROCESSORS ASSOCIATION OF RWANDA (CEPAR)	POSIZIONE	B1/104
COFFEE TODAY NEWS / FRESHMEDIA SRLS	POSIZIONE	A1/093
COFFEETREND - MOLTOTOSTATO	POSIZIONE	A1/016
COFI	POSIZIONE	Piscine Est/002, A4/007
COLAC BV	POSIZIONE	C1/048
COLD CAR SPA	POSIZIONE	A4/001
COLDLINE SRL	POSIZIONE	D3/074
COLTURE AGRUMICOLE MICÒ GIUSEPPE	POSIZIONE	A6/033
COMACO ALIMENTARE SRL	POSIZIONE	C3/054
COMI PAK ENGINEERING SRL	POSIZIONE	D7/023
COMIZ SRL	POSIZIONE	D7/125
COMPAGNIA MERCANTILE D'OLTREMARE SRL	POSIZIONE	B8/080
COMPRITAL SPA	POSIZIONE	C7/100
CON.SI.DI.AL. SOCIETA' CONSORTILE A. R.L.	POSIZIONE	D5/007
CONFETICAKES SL	POSIZIONE	B4/043
CONGELATO	POSIZIONE	C4/105
CONI GALASSO SRL	POSIZIONE	A7/073
CONI PERFETTO SRL	POSIZIONE	C5/093
CONO ARTIC SRL	POSIZIONE	A5/159
CONPAIT - CONFEDERAZIONE PASTICCERI ITALIANI	POSIZIONE	B4/047, B4/070
Consorzio di Tutela della Mozzarella di Bufala Campana DOP	POSIZIONE	B8/060
CONTECOM SRL	POSIZIONE	D8/111
COOKI SRL	POSIZIONE	Hall B6-D6/001
COOL HEAD EUROPE SPA	POSIZIONE	D3/027
COOPERLAT SOC. COOP. AGRICOLA	POSIZIONE	B5/046
COPY VALLS CON GELATS S.L.	POSIZIONE	A7/087
CORBARA SRL	POSIZIONE	C2/040
CORILANGA SOC. AGR. COOP.	POSIZIONE	C1/020
CORMAN ITALIA SPA	POSIZIONE	B5/020
CORNY LTD / UNICONES	POSIZIONE	A5/163
CORVASCE DESIGN	POSIZIONE	B6/030
Costadoro Caffè	POSIZIONE	B1/200
COUPLET SUGARS	POSIZIONE	B3/099
CREA SRL	POSIZIONE	B3/072
CREAMI SRL	POSIZIONE	B7/116
CREAZIONI ONLY G DI GIANNELLI GIOVANNI	POSIZIONE	B6/027
CREO SRL	POSIZIONE	B2/010
CRESCO SPA	POSIZIONE	A3/200
Crocodille CR, spol. s r.o.	POSIZIONE	B7/175
CRYSTAL COOLERS & FREEZERS S.A.	POSIZIONE	A3/173
CUBE SRL	POSIZIONE	C3/010
CULINARY ARTS COMMISSION - TASTE OF SAUDI CULTURE	POSIZIONE	B1/147, B1/186, B1/152, B1/100
CULTURE COFFEE ROASTERY	POSIZIONE	B1/147, B1/186, B1/152, B1/100
CUOR DI FARINA SRLS	POSIZIONE	A6/033
CUORE DI LANGA SSA	POSIZIONE	C4/041
CUPPONE S.R.L.	POSIZIONE	D7/086
CUSTOM SPA	POSIZIONE	A4/009
D.P. DIGITAL POINT SRL	POSIZIONE	A7/158
D.S.C. SRL	POSIZIONE	B3/106
D'ALESSANDRO CONFETTURE SRL	POSIZIONE	B2/040
DALLA CORTE SRL	POSIZIONE	B1/075
Dalmec Refrigeration	POSIZIONE	D3/075b
DAVIDOFF cafè	POSIZIONE	A1/081
DAYUAN INDUSTRIAL CO. LTD.	POSIZIONE	A6/022
DEART POLISTIROLO SRL	POSIZIONE	B4/009
DEBIC	POSIZIONE	B5/032
DECA FOOD SRL	POSIZIONE	A1/008
DECOR SRL	POSIZIONE	A1/170
DECORA - KARMA SRL	POSIZIONE	D5/041
DEKORA INNOVA S.A.U.	POSIZIONE	C3/164
DELFIN SRL	POSIZIONE	D7/002
DELIFRANCE ITALIA SRL	POSIZIONE	B7/001
DELIZIE DI CALABRIA SRL	POSIZIONE	B8/106
DELUME'	POSIZIONE	C4/116
DEMETRA SRL	POSIZIONE	B8/032
DERSUT CAFFÈ S.p.A.	POSIZIONE	D1/074
DESING  LTD	POSIZIONE	A3/133
DESTEFANIS & NOVERO SRL	POSIZIONE	A6/053
DEZHOU HUAXIN VENDING MACHINE CO., LTD.	POSIZIONE	A3/046
DF ITALIA	POSIZIONE	C2/066
DI FIORE FORNI SNC	POSIZIONE	D6/049
DI STEFANO DOLCIARIA SRL	POSIZIONE	A7/195
DICARCONO SL	POSIZIONE	A5/010
Diemme Industria Caffè Torrefatti Spa	POSIZIONE	D8/011
DIHR ALI GROUP SRL	POSIZIONE	D3/080
DIPRAL SRL	POSIZIONE	A1/087
DISALP SAS	POSIZIONE	B5/050
DISARONNO INGREDIENTS S.p.A	POSIZIONE	A3/087, A3/129, A3/001, A3/041, A3/081
DISTILLERIE DELL’ETNA DEI F.LLI RUSSO SRL	POSIZIONE	C4/048 A
DITO SAMA (ELECTROLUX PROFESSIONAL)	POSIZIONE	D4/014
DM COMMERCIALE SRL	POSIZIONE	C6/011
DM ITALIA SRL	POSIZIONE	B1/072
DMC SRL	POSIZIONE	D5/013
DOLCI LANGHE SRL	POSIZIONE	C4/053
DOLCI PECCATI S.R.L.	POSIZIONE	A6/033
DOLCIARIA ACQUAVIVA SPA	POSIZIONE	B2/004
DOLCIARIA CERASANI SRL	POSIZIONE	B2/041
DOLCIARIA GADESCHI SPA	POSIZIONE	C3/065
DOMOGEL SRL	POSIZIONE	A5/011a, A5/054a
DONGGUAN SHENZHENG JIECHENG PLASTIC PACKAGING PRODUCTS CO.,LTD.	POSIZIONE	B4/062
DOSYS GMBH	POSIZIONE	A5/188
DOUMIX?	POSIZIONE	C7/090
DREAMFARM SRL SOCIETA' BENEFIT	POSIZIONE	B8/014
DREIDOPPEL GMBH	POSIZIONE	C3/064, C3/066
DRG SYSTEMS SRL	POSIZIONE	D5/182
DUBOR FRANCE SAS	POSIZIONE	B5/004
DURANCOCOA S.A.	POSIZIONE	B1/300
DYLOG ITALIA SPA	POSIZIONE	A3/059
DYNAMIC S.A.S.	POSIZIONE	C3/006
DYNAMIC SRL	POSIZIONE	A2/001
E PACKAGING SRL	POSIZIONE	B8/109
EASY BEST	POSIZIONE	C7/016
EASYMAC SRL	POSIZIONE	D7/026
ECCO!	POSIZIONE	C5/131
ECODU	POSIZIONE	D5/025
EcoFood Packaging	POSIZIONE	B4/053
ECOPOON SA	POSIZIONE	C2/060
ECORECASENS SL	POSIZIONE	A5/164
ECOTEC SRL		
EDITRADE SRL	POSIZIONE	Hall SUD/010
EDIZIONI CONTATTO SRL		
EDIZIONI DM SRL		
EDNA INTERNATIONAL GMBH	POSIZIONE	Hall A6-C6/004
EDOSS PROJECT S.R.L.	POSIZIONE	A6/015
EFFEDUE	POSIZIONE	D7/065
EFSTA INTERNATIONAL GMBH	POSIZIONE	A3/028
EGRAM  SRL	POSIZIONE	C5/048
EIDOS S.r.l	POSIZIONE	D5/050
EIDOS SRL	POSIZIONE	D5/050
EKLERE	POSIZIONE	B4/059
ELENKA SPA	POSIZIONE	A7/121
ELFRAMO SPA	POSIZIONE	D3/075
ELIO ROMAGNOLI ROMCAFFE' SRL	POSIZIONE	D1/076
ELMECO SRL	POSIZIONE	A3/194
Embassy Ingredients	POSIZIONE	B2/005
EMBASSY INGREDIENTS LTD.	POSIZIONE	B2/005
EMENDATORI & VAYRA 1905 SRL	POSIZIONE	C3/126
EMIL EDIZIONI SRLS /BOMBONIERA ITALIANA		
EMMEDI SRL	POSIZIONE	C5/175
EMMI DESSERT ITALIA SPA	POSIZIONE	B7/044
ENOFRIGO Spa	POSIZIONE	A2/015A, A2/015, A2/041
ENSOTECH SRL	POSIZIONE	B3/007
ePackPro	POSIZIONE	D2/003
EPL PASTA	POSIZIONE	D7/144
EPSON ITALIA SPA	POSIZIONE	A2/062, A3/007
EPSON ITALIA SPA	POSIZIONE	A2/049
Epson Italia spa	POSIZIONE	A3/011
EPTA SPA	POSIZIONE	A3/053
ERREMME SRL	POSIZIONE	C5/088
ESMACH DIVISIONE DI ALI GROUP SRL	POSIZIONE	D7/048
ESPECIALITATS M. MASDEU S.L.	POSIZIONE	B5/022
ESPOSITO FORNI	POSIZIONE	D7/120
ESSSE CAFFE' SPA	POSIZIONE	A1/041
ETIPACK S.p.A	POSIZIONE	D5/050
EURO S.P.I.D. SRL	POSIZIONE	C1/060
EUROBIL SRL	POSIZIONE	D4/019
EUROCAS	POSIZIONE	B5/045
EUROCHEF SRL	POSIZIONE	D1/188
EUROENGEL SRL	POSIZIONE	A4/051
EUROPA SRL	POSIZIONE	D7/115
EUROPASTRY ITALY SRL	POSIZIONE	B7/162
EUROSTANDS SRL		
EUROVANILLE	POSIZIONE	B3/097
EUTEC - ROYAL PLASTIC	POSIZIONE	C4/055
EVEREST COFFEE MILL PVT. LTD.		
EVERGREEN DI BONACCORSO PIETRO	POSIZIONE	C2/061
EVERLASTING SRL	POSIZIONE	D3/014
EVOPAN SRL	POSIZIONE	D8/042
F.LLI CAPRINO SRL	POSIZIONE	C4/048 A
F.LLI PASQUALINI SRL	POSIZIONE	B1/156
F.LLI TAIBI SRL		
F.LLI TEDESCO SRL	POSIZIONE	C3/135
f'real	POSIZIONE	C5/011
FABBRI 1905 SPA	POSIZIONE	Hall A5-C5/034
FABBRICA DELLE SEDIE	POSIZIONE	C6/057
FABER	POSIZIONE	A4/031
Fabryka Wafli Miran Wafel Sp. z o.o.	POSIZIONE	A5/005
FACCIO BUONO SRL	POSIZIONE	C4/001
FAMA INDUSTRIE SRL	POSIZIONE	A7/035
FAPEC-FRIJA SRL	POSIZIONE	C6/040
FB	POSIZIONE	C5/039
FEC ITALIA SRL	POSIZIONE	A2/049
FEDERAZIONE INTERNAZIONALE PASTICCERIA GELATERIA CIOCCOLATERIA	POSIZIONE	D5/031
FEDERAZIONE ITALIANA PANIFICATORI	POSIZIONE	D8/064
FEIO SRL - CAFFE' KAROMA	POSIZIONE	A1/167
FELICEA ITALIAN TASTE	POSIZIONE	A6/033
FENGYANG JIASONG NEW MATERIALS TECHNOLOGY CO., LTD	POSIZIONE	B2/029
FERRARINI SPA	POSIZIONE	B8/077
FIC SPA	POSIZIONE	C3/012
Filia Edizioni srl	POSIZIONE	B8/108
Fiorini international italia spa	POSIZIONE	B6/021
FIORUCCI FOOD SERVICE SRL		
FIPE - FEDERAZIONE ITALIANA PUBBLICI ESERCIZI	POSIZIONE	Hall SUD/012
FIREX SRL	POSIZIONE	D1/105
FLAMIC	POSIZIONE	D7/065
FLEX PACKAGING AL SPA	POSIZIONE	B1/002
FLOREAL SRL	POSIZIONE	B3/151
FLORIDA SRL	POSIZIONE	C1/041
FONTE DRINKS AG	POSIZIONE	B1/004
FOOD SRL	POSIZIONE	Hall SUD/008
FOOD WORKS LLC	POSIZIONE	C5/183
FOPROCAM	POSIZIONE	B1/104
FORM GROUP SRL		
FORMA TRADING SRL	POSIZIONE	B3/075
FORNI CEKY SRL	POSIZIONE	D7/107
FORNI DORIGO SRL	POSIZIONE	D6/018
FORNI FIORINI SRL	POSIZIONE	D7/054
FORNI PAVESI RIMINI DI PAVESI EROS	POSIZIONE	D8/001, D7/163
FORNITALIA SRL	POSIZIONE	D8/039
FORUM AGENTI BY AGENT321	POSIZIONE	A6/013
FOURGEL DI FORNASIER SILVANO	POSIZIONE	C6/009
FOX SRL	POSIZIONE	D6/001
FRA.GI. SRLS - MAMMMA'	POSIZIONE	B5/051
FRABE SRL	POSIZIONE	D7/030
FRANCIACORTA CREME SPA	POSIZIONE	B7/204
FRANGER SRL	POSIZIONE	Piscine Est/002, A4/007
FRASCHERI SPA	POSIZIONE	C3/046
FRESYSTEM CUPIELLO	POSIZIONE	B7/100
FRIESLANDCAMPINA ITALY SRL	POSIZIONE	B5/032
FRIGOGELO SRL	POSIZIONE	C1/121
FRIGOMAT SRL	POSIZIONE	C1/200, C1/166
FRIGOMATICA SRL	POSIZIONE	D1/026D
FRIGOMECCANICA SRL	POSIZIONE	A7/001, A7/039
FRIGOR BOX INTERNATIONAL SRL	POSIZIONE	D2/057
FRIOSTAR SRL	POSIZIONE	D1/110
FRISTEEL SRL	POSIZIONE	D1/192
FRIUL CO SRL	POSIZIONE	D7/075
FRIULINOX ALI GROUP SRL	POSIZIONE	D1/114
FRUCTITAL SRL	POSIZIONE	C3/044
FRUITS SERVICE DI MARULLO MARIO	POSIZIONE	A3/188
FRUTEIRO DO BRASIL	POSIZIONE	C3/003
FRUTELLA	POSIZIONE	C3/164
FUJIAN HAILITIAN FOOD CO., LTD.	POSIZIONE	D1/190
FUTURO CF SRL	POSIZIONE	C4/048 B
FLOREAL SRL	POSIZIONE	B3/151
FLORIDA SRL	POSIZIONE	C1/041
FONTE DRINKS AG	POSIZIONE	B1/004
FORNI CEKY SRL	POSIZIONE	D7/107
FORNI FIORINI SRL	POSIZIONE	D7/054
FORNI PAVESI RIMINI DI PAVESI EROS	POSIZIONE	D8/001, D7/163
FOURGEL DI FORNASIER SILVANO	POSIZIONE	C6/009
FOX SRL	POSIZIONE	D6/001
FRA.GI. SRLS - MAMMMA'	POSIZIONE	B5/051
FRABE SRL	POSIZIONE	D7/030
FRANCIACORTA CREME SPA	POSIZIONE	B7/204
FRANGER SRL	POSIZIONE	Piscine Est/002, A4/007
FRASCHERI SPA	POSIZIONE	C3/046
FRESYSTEM CUPIELLO	POSIZIONE	B7/100
FRIGOGELO SRL	POSIZIONE	C1/121
FRIGOMAT SRL	POSIZIONE	C1/200, C1/166
FRIGOMECCANICA SRL	POSIZIONE	A7/001, A7/039
FRIGOR BOX INTERNATIONAL SRL	POSIZIONE	D2/057
FRUCTITAL SRL	POSIZIONE	C3/044
FRUTEIRO DO BRASIL	POSIZIONE	C3/003
FRUTELLA	POSIZIONE	C3/164
FUJIAN HAILITIAN FOOD CO., LTD.	POSIZIONE	D1/190
FUTURO CF SRL	POSIZIONE	C4/048 B
G.A.T. SPA - GRUPPO ALTERNATIVO TECNOINDUSTRIALE	POSIZIONE	B1/067
G.M. PICCOLI SPA - THE PERLA COMPANY	POSIZIONE	B7/003
GAB TAMAGNINI SRL	POSIZIONE	A4/052
GALANO SORRENTO AZIENDA AGRICOLA SRL	POSIZIONE	A6/057
GAMBILONGO CAFFE' SRL	POSIZIONE	A6/033, B1/039
GAMI SRL	POSIZIONE	B3/006
GAMMI SRLS	POSIZIONE	A1/134
GARAGE COFFEE BROS. SRL	POSIZIONE	A1/191
GARCIA DE POU SA	POSIZIONE	B6/009
GD ICE SRL	POSIZIONE	A5/101
GELADIS	POSIZIONE	B8/101B, B8/101
GELATO ARENA	POSIZIONE	D8/100, D8/100, D8/100, D8/100, D8/100, D8/100, D8/100, D8/100
GELATO ARTIGIANALE	POSIZIONE	C2/068
GELATO CLUB SPA - YSPIRA	POSIZIONE	C5/002
GELATO EXPERIENCE LLC		
GELATO PRO	POSIZIONE	C4/120
GELATO TOP MILANO	POSIZIONE	C1/071
GELDUE SRL	POSIZIONE	C2/037
GELIT SPA	POSIZIONE	B8/020
GELITA SK S.R.O.	POSIZIONE	C5/076, C5/126
GELMAG	POSIZIONE	B4/058
GELMATIC	POSIZIONE	C5/169
GELO GROUP SRL	POSIZIONE	C5/115
GEMM SRL	POSIZIONE	D1/111
GEMNI FOOD EQUIPMENTS	POSIZIONE	C1/010
GI.METAL SRL	POSIZIONE	B8/006, Hall B7-D7/007
GINZA INVEST SRL	POSIZIONE	B6/026
GIOICE	POSIZIONE	C7/055
GIULIANO TARTUFI SPA	POSIZIONE	B8/028
GIUSO GUIDO SPA	POSIZIONE	C7/190, C7/188
GoGo SL	POSIZIONE	A6/054
GOLDSTEIG KÄSEREIEN BAYERWALD GMBH	POSIZIONE	C3/164
GOLMAR ITALIA SPA	POSIZIONE	D4/006A, D4/006
GOPPION CAFFE' SPA	POSIZIONE	A1/047
GOURMAND PASTRIES	POSIZIONE	B7/168
GPS BAGS SPA	POSIZIONE	B6/002
GR CARTOTECNICA SRL	POSIZIONE	A7/030
GRANDI FORNI ITALIANI SRL	POSIZIONE	D6/026
GRANSICILY DI 1 AG SRL	POSIZIONE	C4/002
Graziadei Surgelati srl	POSIZIONE	B7/172
GREENFIELD&CO	POSIZIONE	B1/104
GRICAF SRL - MOKA ITALIA	POSIZIONE	B1/033
GRISSITALIA SRL	POSIZIONE	B7/094
GRUPA MASPEX SP. Z O.O.	POSIZIONE	A5/136
GRUPPO BUFFETTI SPA	POSIZIONE	A3/061
Gruppo Cam Srl	POSIZIONE	B6/008
GRUPPO FONTANA SAS DI FONTANA DANILO & C.	POSIZIONE	A4/005
GRUPPO ITALIANO TORREFATTORI CAFFE' - GITC	POSIZIONE	B1/016
GRUPPO LACTALIS ITALIA	POSIZIONE	B5/059
GT SOLUTION SRL	POSIZIONE	B1/003
GUNEYDOGU ANTEPFISTIKCILIK SANAYI VE TICARET A.S	POSIZIONE	C5/170
GUSTIBUS ALIMENTARI SRL	POSIZIONE	C7/008
HACCO INC.	POSIZIONE	A7/123
HAGESANA GMBH	POSIZIONE	C1/171
HAIDI TIANTU (SUZHOU) INTELLIGENT TECHNOLOGY CO., LTD	POSIZIONE	D4/009
HAJOR	POSIZIONE	B1/147, B1/186, B1/152, B1/100
HANNS G. WERNER GMBH & CO. KG	POSIZIONE	C5/132
HANS BRUNNER GMBH	POSIZIONE	B3/009
HAPPY CRAFT LLC	POSIZIONE	C5/187
HASBORG RAFAL MUCHA	POSIZIONE	D7/117
HAUSBRANDT TRIESTE 1892 SPA	POSIZIONE	B1/160
HEFEI GREEN WAY TABLEWARE CO.,LTD.	POSIZIONE	C6/018
HELLO STRAW B.V.	POSIZIONE	A5/139
HERMES SRL	POSIZIONE	B3/004
HIBER	POSIZIONE	D3/120
HOBART GMBH	POSIZIONE	D3/152
HOMA MULTIPURPOSE FARMERS COOPERATIVE	POSIZIONE	B1/104
Homie	POSIZIONE	C4/110
Honeywell S.r.l.	POSIZIONE	D7/164
HOONVED ALI GROUP SRL	POSIZIONE	D3/040
HORECANEWS.IT - VENDINGNEWS.IT - FABIO RUSSO SRL	POSIZIONE	A2/064
HOUNÖ A/S	POSIZIONE	D1/105
Hovicon International B.V.	POSIZIONE	D4/003
HYDROPROCESS	POSIZIONE	B3/140
I DOLCI SAPORI DELL'ETNA SRL	POSIZIONE	C2/067
I PECCATUCCI DI MAMMA ANDREA SRL	POSIZIONE	C4/048 A
i Profumi Del Madagascar	POSIZIONE	C2/012
I VERI SAPORI DELL'ETNA SRL	POSIZIONE	A7/157
I.CO.CIALDE SRL	POSIZIONE	A7/200
I.N.C.A.P. S.R.L.	POSIZIONE	B4/055
IANNINO SRL	POSIZIONE	C5/094
IAQUONE SRL	POSIZIONE	D5/148
IAVAZZO SRL	POSIZIONE	C3/191
IBK TROPIC S.A.	POSIZIONE	A5/168
ICA S.P.A.	POSIZIONE	A1/025
ICAFE - INSTITUTO DEL CAFE' DE COSTA RICA	POSIZIONE	B1/015
ICAM SPA	POSIZIONE	B3/055
ICB TECNOLOGIE SRL	POSIZIONE	B3/162
ICE CATERING SAS DI PETROSINO ALFONSO & C.	POSIZIONE	B7/206
ICE DOG UN GELATO DA CANI	POSIZIONE	A6/011
ICE GROUP SP. Z.O.O.	POSIZIONE	C3/104
ICE WER SRL	POSIZIONE	C5/198
Ice4Dog - Sens sp. z o o	POSIZIONE	C4/112
ICECAR (gruppo Argenta srl)	POSIZIONE	C5/173
ICEGREENBOX SRL	POSIZIONE	A7/185
ICEMATIC	POSIZIONE	D3/120
ICETEAM 1927 - ALI GROUP SRL	POSIZIONE	C3/074
IDCAM SRL - VIVA DOLCE	POSIZIONE	B7/010
IDEA GELATO SRL	POSIZIONE	A5/095
IDEADIGITALE SRL	POSIZIONE	A2/049
IDEALPLAST DI IVANO SIRONI	POSIZIONE	B6/022
IDEAMINOX  SRL	POSIZIONE	D4/001b, D4/001a, D4/001, D4/001
IDEO TECNICA SRL	POSIZIONE	B3/069
IEG CHINA CO. LTD.	POSIZIONE	C2/058, A1/169, C6/016, D4/009, A6/055, D1/190, A6/052, D1/112, A1/015, C6/019, C3/132, B3/121, D4/048, B4/062, C6/020, C6/018, C6/017, A6/019, A6/020, A6/022, A6/023, A6/024, A6/025, A6/026
IFI SPA	POSIZIONE	C1/094
IFP PACKAGING SRL	POSIZIONE	D7/001
IGF SRL	POSIZIONE	D8/039
IGLOO	POSIZIONE	B7/212
IILA - ORGANIZZAZIONE INTERNAZIONALE ITALO-LATINO AMERICANA	POSIZIONE	B1/015
IL GRANAIO DELLE IDEE SRL	POSIZIONE	D5/061
IL MANOVALE SRL	POSIZIONE	A1/133
IL MODICANO - ORGANIC CIOCCOLATE	POSIZIONE	C4/048 B
IL PANIFICIO DI CAMILLO SRL	POSIZIONE	B7/045
IL SOLE 24 ORE SPA	POSIZIONE	C4/006
ILANGA NATURE	POSIZIONE	B3/095
ILLY CAFFE' SPA	POSIZIONE	B1/080
ILSA SPA	POSIZIONE	D1/026
IMBALLAGGI ALIMENTARI S.R.L.	POSIZIONE	A7/007
IMPERATOR SRL	POSIZIONE	A1/092
IMPERIA & MONFERRINA SPA	POSIZIONE	D1/001
INBROOLL INDUSTRIES SL	POSIZIONE	C3/050
INDOCAFE - INSTITUTO DOMINICANO DEL CAFÉ	POSIZIONE	B1/015
INDUSTRIA ALIMENTARE TANAGRINA SRL		
INFOHOTEL		
INFOPACKAGING.IT di Goinweb Editore	POSIZIONE	D8/010
INFUSI PERSONALIZZATI	POSIZIONE	B1/147
ING. NAPOLI & C. INDUSTRIE RIUNITE SRL	POSIZIONE	A1/193
INOVA FOOD SRL	POSIZIONE	D5/049
INOXTREND	POSIZIONE	D3/186
INPUT SRL - PIZZA & CORE		
INTERNATIONAL INSTITUTE OF CHOCOLATE AND CACAO TASTING	POSIZIONE	B1/105
IP CART SRL	POSIZIONE	A7/028
IPBAKE DI PENTO FRANCESCO	POSIZIONE	D8/073
iPratico srl	POSIZIONE	A3/174 A, A3/174
Ipsa Spa	POSIZIONE	A7/159, A7/194
Irinox SpA	POSIZIONE	D3/160
ISA SPA	POSIZIONE	A3/161
Isigny Sainte Mère	POSIZIONE	B5/050
ISMA SRL	POSIZIONE	B6/013
ISMEA - ISTITUTO DI SERVIZI PER IL MERCATO AGRICOLO ALIMENTARE	POSIZIONE	Hall SUD/011
ITAL NORGE SRL	POSIZIONE	C1/053
ITAL PROGET TEAM	POSIZIONE	C5/058
ITALBAKERY SRL	POSIZIONE	D7/004
ITALCIALDE SRL	POSIZIONE	A7/004
ITALDIBIPACK SPA	POSIZIONE	B4/001
ITALFORNI	POSIZIONE	D7/065
ITALFREEZER MAROAL SRL	POSIZIONE	C4/032
ITALIA SRL	POSIZIONE	A3/106
ITALIA ZUCCHERI COMMERCIALE SRL		
ITALIAN COOKING DI RICCI ANTONIO	POSIZIONE	D2/008
ITALIAN GOURMET	POSIZIONE	Hall SUD/035
ITALIANA DOLCI SRL	POSIZIONE	B2/041
ITALIANFOODTODAY	POSIZIONE	D8/069
ITALRETAIL SRL	POSIZIONE	A3/175
ITALSEDIE SRL	POSIZIONE	C6/047
ITALY EXPORT -  EDITRICE GIDIEMME	POSIZIONE	D5/030
ITV ICE MAKERS	POSIZIONE	D1/053
ITV ICE MAKERS / ICETECH	POSIZIONE	D3/054
J&J SRL	POSIZIONE	C5/007
JIANGSU YOPACK PACKING TECHNOLOGY CO.,LTD	POSIZIONE	A6/023
JIMMA FARMER'S MULTI-PURPOSE AGRICULTURAL COOPERATIVES UNION	POSIZIONE	B1/104
JINAN RETEK INDUSTRIES INC.,LTD	POSIZIONE	A6/052
JORIBA BAKERY	POSIZIONE	B7/112
JULIUS MEINL ITALIA SPA	POSIZIONE	B1/034
KADZAMA D.O.O.	POSIZIONE	B3/120
KAGAARI NORTH FARMERS COOPERATIVE SOCIETY LTD	POSIZIONE	B1/104
KALANDO DISPENSING SYSTEMS	POSIZIONE	C5/136
KAP CONES PVT. LTD.	POSIZIONE	C3/018
KAR PORSELEN SAN TIC ANONIM SIRKETI	POSIZIONE	D5/033
KARAGWE DISTRICT COOPERATIVE UNION LIMITED	POSIZIONE	B1/104
Kataifi Factory EU	POSIZIONE	B3/094
KATHERI FARMERS COOPERATIVE SOCIETY LTD	POSIZIONE	B1/104
KBS CONSULTING SRLS	POSIZIONE	A4/050
KEMONIA FRUIT SRLS	POSIZIONE	C4/048 C
Ken- Foods | LACTEOS INDUSTRIALES AGRUPADOS SA	POSIZIONE	D5/150
KETO 01 CARB	POSIZIONE	C4/118
KHAIRAT SPECIALTY	POSIZIONE	B1/147, B1/186, B1/152, B1/100
KHAIRAT SPECIALTY	POSIZIONE	B1/147, B1/186, B1/152, B1/100
KIAMA FARMERS CO-OPERATIVE SOCIETY LTD	POSIZIONE	B1/104
KILIMANJARO NATIVE COOPERATIVE UNION (KNCU)	POSIZIONE	B1/104
KMP SRL	POSIZIONE	D3/188
KMS KAVURMA MAKINE SAN. VE TIC. LTD. STI.	POSIZIONE	B3/100
KONOMAC SRL	POSIZIONE	D7/046
KOPPEN EUROPE	POSIZIONE	C1/050
KOSMITECH SRL	POSIZIONE	D8/005
KRAMPOUZ SAS	POSIZIONE	C3/006
KREADOC DI DI RAIMONDO MARIA ROSA	POSIZIONE	B7/046
KRISTAL ENDÜSTRIYEL MUT. ÇAM. MAK. PAZ. SAN. VE TIC. A.S	POSIZIONE	C3/060
Kroboboteurope by Communikare S.r.l.	POSIZIONE	A2/062, A3/007
KRUPPS SRL	POSIZIONE	D2/002B, D2/002A, D2/002
Kulero GmbH	POSIZIONE	A5/196
KUNVI SRL	POSIZIONE	C4/113
L.A.I. E F. SRL	POSIZIONE	C3/016
La Bottega Gluten Free S.r.l.	POSIZIONE	C4/114
LA FENICE SRL NASTRIFICIO TESSILE	POSIZIONE	B6/018
LA FONTE SRLS	POSIZIONE	A6/033
LA FRUITIERE DU VAL EVEL SAS	POSIZIONE	C3/145
LA LORRAINE NINOVE NV	POSIZIONE	B7/085
LA MARZOCCO SRL	POSIZIONE	A1/132
LA PALERMITANA CANNOLI DI CAVALLARO FABIO & C. SNC	POSIZIONE	A7/074
LOGIUDICE FORNI SRL	POSIZIONE	D7/042
LÖLSBERG	POSIZIONE	C1/148
LOMAN SRL		
LOST & FOUND SRL	POSIZIONE	B8/024, B8/015B, B8/015
LOTUS PECAS ITALIA SRL	POSIZIONE	A4/045
LOUIS FRANCOIS S.A.S	POSIZIONE	B3/098
LUXARDO SPA	POSIZIONE	D1/199
M.B. DI MANCINELLI ELIO SRL	POSIZIONE	A6/016
M.C.E. SRL	POSIZIONE	D7/130A, D7/130
M.C.M. MASSA SRL	POSIZIONE	B3/043
MADEMOISELLE DESSERTS FRANCE	POSIZIONE	B7/044
MAE INNOVATION	POSIZIONE	B3/010
MAFILPLAST SRL	POSIZIONE	C2/043
MAGEX SRL	POSIZIONE	A3/013
MAGLIO ARTE DOLCIARIA SRL	POSIZIONE	B3/008
MAHEMBE COFFEE	POSIZIONE	B1/104
MAM FORNI - Eredi Malaguti A. e C. srl	POSIZIONE	D7/015
MANCINELLI SPA	POSIZIONE	B5/018A, B5/018
MANNA FORNI SRL	POSIZIONE	D7/021
MAP 3 STUDIO SRL	POSIZIONE	A4/002
MARANA FORNI SRL	POSIZIONE	D7/006
MARCAGEL SRL	POSIZIONE	A5/015
MARGOT SRL	POSIZIONE	D1/026C
MARTELLATO SRL	POSIZIONE	B3/107
MASTRO PISTACCHIO S.R.L	POSIZIONE	C2/014
MAZZONI FROZEN	POSIZIONE	A3/193
MBP SRL	POSIZIONE	D7/143
MC FORNI	POSIZIONE	D6/009
MDF VEICOLI INDUSTRIALI SRL	POSIZIONE	C3/193
MEC3 - OPTIMA SPA CON UNICO SOCIO	POSIZIONE	C7/126, C7/090
MECNOSUD SRL	POSIZIONE	D7/061
MEDAC SRL	POSIZIONE	C3/150
MEDCAFFE' SRL	POSIZIONE	A1/128
MEIKO ITALIA SRL	POSIZIONE	D3/037
MEKGIDA SAN. TIC. LTD. STI.	POSIZIONE	D5/006
MELCOM SRL	POSIZIONE	C3/006
MENU' SRL	POSIZIONE	B8/038
MENZ & GASSER SPA	POSIZIONE	B5/025
MERCURIO SISTEMI S.R.L.	POSIZIONE	A2/049
METALLURGICA MOTTA SRL	POSIZIONE	A1/172
METOZZI DI METOZZI S. & C. SNC	POSIZIONE	B6/051
Meypack Verpackungssystemtechnik GmbH	POSIZIONE	Hall B7-D7/009
MIA FOOD TECH	POSIZIONE	B3/026
MIELE ITALIA SRL	POSIZIONE	D1/152
MIGANI HOME SRL	POSIZIONE	C3/009
Miles	POSIZIONE	C3/183
MIMAC ITALIA S.R.L. Unipersonale	POSIZIONE	D7/041
MIMIT - DGST - ISPETTORATO TERRITORIALE (CASA DEL MADE IN ITALY) DELL'EMILIA ROMAGNA DELL'UMBRIA E DELLE MARCHE	POSIZIONE	Hall SUD/200
MINERVA OMEGA GROUP SRL	POSIZIONE	D4/013
MINIMO IMPATTO SRL	POSIZIONE	A1/192
MINISTERO DELL'AGRICOLTURA, DELLA SOVRANITA' ALIMENTARE E DELLE FORESTE - MASAF	POSIZIONE	Hall SUD/011
MIRAN ICE CONES	POSIZIONE	A5/005
MISTER BUBBLE WAFFLE DI PREDIERI MATTEO	POSIZIONE	A3/008
MIXER SRL	POSIZIONE	D7/130A, D7/130
MOBILCHEF	POSIZIONE	D8/105, D8/046, D3/145, D3/055, D1/023-145, D1/023-145
MODECOR ITALIANA SRL	POSIZIONE	C7/191
MOKA PROFESSIONAL ITALIA	POSIZIONE	B1/074
MoleCola srl	POSIZIONE	D5/069
MOLINI AMBROSIO DOMENICO SRL	POSIZIONE	D5/051
MOLINI BONGIOVANNI SPA	POSIZIONE	D5/069
MOLINI DEL PONTE SRL	POSIZIONE	C4/048 B
MOLINI FAGIOLI SRL	POSIZIONE	B5/038
MOLINI LARIO SPA	POSIZIONE	C3/164
Molini Popolari Riuniti Ellera Umbertide Società Cooperativa Agricola	POSIZIONE	D5/186
MOLINO  ZAPPALA' ORESTE E FIGLI SNC	POSIZIONE	C4/048 C
MOLINO ANSELMO COLOMBO SRL	POSIZIONE	D1/061
Molino Braga Srl Unipersonale	POSIZIONE	D5/147
MOLINO BRUNO SPA	POSIZIONE	A6/033, D5/008
MOLINO CANDELORI SRL	POSIZIONE	D6/026
MOLINO CASILLO SPA	POSIZIONE	D5/065
MOLINO COSMA SRL	POSIZIONE	B7/113
MOLINO DALLAGIOVANNA GRV SRL	POSIZIONE	B5/030
MOLINO DENTI	POSIZIONE	D5/053
MOLINO FERRARI PARIDE SRL	POSIZIONE	D5/024
MOLINO GRASSI SPA	POSIZIONE	D5/042
MOLINO MERANO SRL	POSIZIONE	D5/034
MOLINO NALDONI SRL	POSIZIONE	D5/045
MOLINO PEILA SPA	POSIZIONE	D5/151
MOLINO PORDENONE	POSIZIONE	D5/052
MOLINO RACHELLO SRL	POSIZIONE	B7/124
MOLINO ROCCASALVA GAETANO SRL	POSIZIONE	D5/026
MOLINO SCOPPETTUOLO SRL	POSIZIONE	D5/184
MOLINO SIGNETTI 1949	POSIZIONE	D6/026
MOLINO SPADONI SPA	POSIZIONE	D5/029
MOLINO SUL CLITUNNO SPA	POSIZIONE	D5/145
MOLINO VIGEVANO 1936 SRL	POSIZIONE	B7/084
MOLINOS ASOCIADOS S.A.C.	POSIZIONE	A5/140
MONDIAL FRAMEC	POSIZIONE	A4/006
MONOLITH SRL	POSIZIONE	D3/193
MONTEBIANCO SPA	POSIZIONE	A3/081
Monteforte Contract	POSIZIONE	C6/012
MONTEVERDI SRL	POSIZIONE	B6/014
MONVISO GROUP SRL	POSIZIONE	C3/133
MORELLO FORNI ITALIA SRL	POSIZIONE	Hall B7-D7/005
MORETTI FORNI	POSIZIONE	Hall B5-D5/003
MORI 2A SRL	POSIZIONE	C2/005
MOTIVI TOP D.O.O.	POSIZIONE	C3/029
MOUNT ELGON COFFEE AND HONEY COOPERATIVE SOCIETY LIMITED	POSIZIONE	B1/104
MPM GROUP LTD SRL	POSIZIONE	C5/089
Mr.buns	POSIZIONE	C4/048 C
MULLMIX ITALIA SRL	POSIZIONE	D5/002
mullumix  srl	POSIZIONE	D5/003
MUSSANA - HANS KRATT MASCHINENFABRIK GMBH	POSIZIONE	C1/007
MY BENEFIT SRL	POSIZIONE	D8/110
MYFOODOFFICE	POSIZIONE	D7/142
MYTEC SRL	POSIZIONE	A3/099
NACRE SRL	POSIZIONE	C4/048 B, B2/011
NAKHEEL ALYA	POSIZIONE	B1/147, B1/186, B1/152, B1/100
NAMA SRL	POSIZIONE	C4/048 A
NANJING ZHONGPU FOOD MACHINERY MANUFACTURING CO., LTD	POSIZIONE	C3/062
NAONIX SRL	POSIZIONE	D4/015
NATFOOD - N.F. FOOD SPA	POSIZIONE	D1/160
Natisani srl	POSIZIONE	C4/048 A
NATUZON	POSIZIONE	C6/004
NAWAT AL-MADINAH FOOD INDUSTRIAL CO. LTD.	POSIZIONE	B1/147, B1/186, B1/152, B1/100
Nemesis S.r.l.	POSIZIONE	D7/164
NEMESIX SRL	POSIZIONE	A4/048
NEW CLEAN SRL	POSIZIONE	C5/118
NEW DAY UNIPERSONALE A R.L.	POSIZIONE	D7/054
NEW DELL DI DELL'ORO GABRIELE	POSIZIONE	D7/140
NEW IMEX CRO SRL	POSIZIONE	B5/003
NEXI	POSIZIONE	A2/062, A3/007
NIC - DENMARK A/S	POSIZIONE	C5/054
NINGBO KONMO INTELLIGENT TECHNOLOGY CO., LTD	POSIZIONE	A1/015
NINGBO SICEN REFRIGERATION EQUIPMENT CO., LTD	POSIZIONE	A5/135
NIP FOOD	POSIZIONE	D2/015A, D2/015B, D2/015
NOBILE SRL	POSIZIONE	B1/068
NOCCIOLCONO SRL	POSIZIONE	A5/200
NOCCIOLE D'ELITE - AZIENDA AGRICOLA - DI EMANUELE CANAPARO	POSIZIONE	C3/011
NOCCIOLERIA - AZ. AGR. RAPALINO SAVERIO	POSIZIONE	C5/008
Nolano Srl	POSIZIONE	D2/015B
NONNA SILVI SRL.SB	POSIZIONE	D2/015B
NORD OVEST PACKAGING SRL	POSIZIONE	B6/007
NOVAGRAPHICA BAGS SRL	POSIZIONE	B6/006
NOVALTEC GROUP SRL	POSIZIONE	D7/066
NOVAPAN SRL	POSIZIONE	D7/106
NUOVAIR SRL	POSIZIONE	D1/027
NUTMAN GROUP SRL	POSIZIONE	A3/047
NUTRAS SRL	POSIZIONE	C4/106
Oasi's s.r.l.	POSIZIONE	A1/006
Ocean Power	POSIZIONE	A3/048
OCME srl	POSIZIONE	Hall B7-D7/009
OEM DIVISIONE DI ALI GROUP SRL	POSIZIONE	D7/049
OFFCAR THE GREAT COOKING SRL	POSIZIONE	D3/026
OFFICINA GRAFICA SOCIETA' COOPERATIVA DI LAVORO	POSIZIONE	B6/020
OFFICINA POCATINO DI GIORGIO & ALBERTO SNC	POSIZIONE	C3/067
OFYR - SYMPOSIUMLAB Srl	POSIZIONE	A2/015A, A2/015, A2/041
OKIN	POSIZIONE	B7/177
OLEIFICIO F.LLI PUNZO SRL	POSIZIONE	B8/029B
OLEIFICIO ZUCCHI SPA	POSIZIONE	B8/036
Olio Roi di Boeri Franco	POSIZIONE	D5/069
Olio Roi di Boeri Franco	POSIZIONE	D5/069
OPALLESTIMENTI	POSIZIONE	B8/001
OPI FRUTTA Ingredients	POSIZIONE	C2/007
ORANFRESH SRL	POSIZIONE	A1/112
ORDERMAN	POSIZIONE	A2/037
Orderman Italia srl	POSIZIONE	A2/062, A3/007
ORI DI SICILIA SRL	POSIZIONE	B7/200
ORLON SRL - TORTANA	POSIZIONE	B8/012
ORMA SRL	POSIZIONE	D5/152
OROMIA COFFEE FARMERS’ COOPERATIVE UNION	POSIZIONE	B1/104
ORSA DRINKS SRL	POSIZIONE	A1/127
ORVED SPA	POSIZIONE	D3/194
OSA GESTIONI SRL	POSIZIONE	A6/033
OSCARTEK	POSIZIONE	A3/055
OSTIFICIO PREALPINO SRL	POSIZIONE	A5/11b, A5/054b
PACIFIC FRUIT	POSIZIONE	A5/138
PACK MILANO SRL	POSIZIONE	B4/052
PACK SUD SRL	POSIZIONE	D7/052
PACKINT CHOCOLATE MACHINES SRL	POSIZIONE	B3/150
PACKINT CHOCOLATE MACHINES SRL	POSIZIONE	C3/016
PALLETWAYS ITALIA SPA	POSIZIONE	D1/113
PAMBIANCO SRL		
PAN SURGELATI SRL	POSIZIONE	B7/043
PANEGELO SRL	POSIZIONE	C4/108
PANGUSTO SRL	POSIZIONE	A6/033
PANIFICAZIONE & PASTICCERIA - D.M.P. SRL	POSIZIONE	D5/058
PANIFICIO STEFANI GROUP SRL	POSIZIONE	B7/004
PANIFICIO VARLESE DI GIANLUCA VARLESE	POSIZIONE	A6/033
Panificio Villa Srl	POSIZIONE	B7/007
PARIANI SRL	POSIZIONE	B3/040
PARMOVO SRL SOCIETA' A SOCIO UNICO	POSIZIONE	B5/053
PASSEPARTOUT SPA	POSIZIONE	A2/062, A3/007
PASTICCERIA QUADRIFOGLIO SRL	POSIZIONE	B7/044
PASTRY ARENA	POSIZIONE	A1/177
PATILINE SRL	POSIZIONE	D8/043
PAVAILLER SOLUTION	POSIZIONE	D3/109
PAVONI ITALIA S.P.A.	POSIZIONE	B3/060
PAX ITALIA SRL	POSIZIONE	A4/049
PAYPRINT SRL	POSIZIONE	A4/011
PCB CREATION	POSIZIONE	C5/195
PERNIGOTTI MAESTRI GELATIERI ITALIANI	POSIZIONE	C7/187
PERNIGOTTI SPA	POSIZIONE	A5/187
PERSONAL ZUCCHERO SRL	POSIZIONE	A4/029
PETRA MOLINO QUAGLIA	POSIZIONE	D5/153A, D5/153
PETRONCINI IMPIANTI SPA	POSIZIONE	A1/188
PFM SPA PACKAGING MACHINERY	POSIZIONE	D7/143
PIAZZA EFFEPI SRL	POSIZIONE	A2/008
PICA - PAU	POSIZIONE	A1/130
PIDA SRL	POSIZIONE	D5/003
PIENISSIMO SRL	POSIZIONE	A3/175
PIERRE CAFE'	POSIZIONE	A1/139
PIETRIBIASI MICHELANGELO SRL	POSIZIONE	C3/100
PINSAMI SRL	POSIZIONE	B7/042
PISTACHOS DEL SOL, S.L.	POSIZIONE	C2/011
PIZZA ARENA	POSIZIONE	C6/049
PIZZA CLUB	POSIZIONE	A7/021
PIZZA GROUP SRL	POSIZIONE	D3/186
PIZZERIA NAPOLETANA FOOD EXPRESS SRL	POSIZIONE	B7/008
PIZZICATA by GOOD IN FOOD	POSIZIONE	C2/029
PLANET EATHIC SRL	POSIZIONE	A1/173
PLANET'GLACE	POSIZIONE	C3/148
PLASTIBOX SRL	POSIZIONE	B4/008
PLATEFORM SRL	POSIZIONE	A3/010
PLURISERVICE SPA	POSIZIONE	A4/060
PME Cake Ltd	POSIZIONE	B3/143
POLARIS ALI GROUP SRL	POSIZIONE	D3/040
POLIN ING. E C. SPA	POSIZIONE	D7/130A, D7/130, D7/131
POLO PLAST SRL	POSIZIONE	A7/047
POLSELLI SPA	POSIZIONE	B7/041
POMATI GROUP SRL	POSIZIONE	B3/090
PONSELE' SRL	POSIZIONE	B6/057
PONTHIER SAS	POSIZIONE	C5/195
PORRITIELLO RAME & ACCIAIO DAL 1934 SRL	POSIZIONE	A4/059
PRESS CORNER	POSIZIONE	B1/026
PRIMA ITALIA DISTRIBUTORI ASSOCIATI SOC. COOP.	POSIZIONE	C3/164
PRIMUS OUWELFABRIEK B.V.	POSIZIONE	A5/11b, A5/054b
PRISMAFOOD SRL	POSIZIONE	D3/015
PRODOTTI DOLCIARI CASSIBBA SRL	POSIZIONE	A5/194
PRODOTTI RUBICONE SRL	POSIZIONE	C1/086
PROGELCONE SA	POSIZIONE	C5/189
PRONI SRL	POSIZIONE	C7/051
PROPPY-GEL SRL	POSIZIONE	C3/034
PROVA GOURMET	POSIZIONE	B3/061
PROXIMA SRL		
PUGLIA IN FOOD SRL	POSIZIONE	B7/090
PUKTRAL DISTRIBUCIONES S.L.	POSIZIONE	C5/130
PULY CAFF	POSIZIONE	A1/055
QINGDAO GOLDEN PACKAGING MACHINERY CO. LTD	POSIZIONE	C3/132
QINGDAO OCEANFRIENDS IMP&EXP CO.,LTD	POSIZIONE	C6/016
QINGDAO YOUSHARE FOOD CO., LTD	POSIZIONE	C2/058
QUADRI SRL	POSIZIONE	D7/096
QUANZHOU YUESHENG PAPER PRODUCTS CO., LTD.	POSIZIONE	C6/019
QUINE SRL - MIXER	POSIZIONE	A1/014
R & D ENGINEERS	POSIZIONE	C1/037
RACO CIALDE	POSIZIONE	C1/189
RAM SRL	POSIZIONE	D7/130A, D7/130
RAMBERTI group	POSIZIONE	C2/044
RAMBLAB SRL - LABELFY	POSIZIONE	C4/115
RAMDA TEA	POSIZIONE	B1/147, B1/186, B1/152, B1/100
RATIONAL ITALIA SRL	POSIZIONE	D3/007
REAL FORNI SRL	POSIZIONE	D7/051
RED BILL SRL A SOCIO UNICO	POSIZIONE	D3/155
REGIONE CALABRIA - DIPARTIMENTO AGRICOLTURA E SVILUPPO RURALE	POSIZIONE	A6/033
REGIONE SICILIANA - DIPARTIMENTO ATTIVITA' PRODUTTIVE	POSIZIONE	C4/048 C, C4/048 B, C4/048 A
REMY-COINTREAU GASTRONOMIE	POSIZIONE	D1/199
RESOLVI SRL	POSIZIONE	A2/059
RESTO ITALIA	POSIZIONE	D2/015B
REVALA LTD	POSIZIONE	C6/014
REVIP - REV ICE PROJECT SRL - COOLXP	POSIZIONE	A1/199
RHEA VENDORS GROUP SPA	POSIZIONE	A1/189
RICETTE IN CLOUD	POSIZIONE	D5/149
RICHEMONT CLUB ITALIA	POSIZIONE	D8/066, D8/026
RICO CAFFE' SRL	POSIZIONE	A1/174
RICOCREM COZZO SRL	POSIZIONE	B5/034
RINALDI SUPERFORNI SRL	POSIZIONE	D1/106, D1/146
RINED SRL A SOCIO UNICO	POSIZIONE	B7/169
RIO MARE FOOD SERVICE	POSIZIONE	B8/111
RISPO FROZEN FOOD SRL	POSIZIONE	B7/007
RISTORAZIONE ITALIANA MAGAZINE	POSIZIONE	D6/015
RISTORIS SRL	POSIZIONE	B8/066
RM FORNI SRL	POSIZIONE	D7/116
ROASTING AREA	POSIZIONE	A1/180
ROBO SRL	POSIZIONE	B1/034
ROBOcream	POSIZIONE	A5/161
ROBOPAC SPA	POSIZIONE	Hall B7-D7/009
ROBOQBO SRL	POSIZIONE	B3/085
ROBOT COUPE ITALIA SRL	POSIZIONE	D3/001
ROLLERMAC BOSCOLO SRL	POSIZIONE	B3/034
ROSSI & PARTNERS SOC. COOP. A R.L.	POSIZIONE	A4/053
RUDE SRL	POSIZIONE	A2/008B
S. PASSALACQUA SPA	POSIZIONE	B1/040
S.A.R. GROUP SRL	POSIZIONE	C1/174
S.D.S.P. DI FOLCOLINI CRISTIANO	POSIZIONE	C2/008
SACAR FORNI SRL	POSIZIONE	D8/007, Hall B7-D7/006
SACCARIA CAFFE' SRL	POSIZIONE	D1/028
SAFCHA	POSIZIONE	B1/147, B1/186, B1/152, B1/100
SAGI	POSIZIONE	D3/068
Salpa&Cherubini SRL	POSIZIONE	C7/014
SALUMIFICIO CASA LARATTA DI MARZANO MARIA	POSIZIONE	A6/033
SALUMIFICIO F.LLI COATI SPA	POSIZIONE	B8/074
SALVADOR EXTREMIANA, S.L.	POSIZIONE	C5/130
SAMAREF SRL	POSIZIONE	D3/153
SAMMONTANA ITALIA	POSIZIONE	Hall B7-D7/001A, Hall B7-D7/003A, Hall B7-D7/003, Hall B7-D7/001
SAN GIORGIO SPA	POSIZIONE	B7/110
SANA	POSIZIONE	B1/147, B1/186, B1/152, B1/100
SANCIO CART SRL	POSIZIONE	C6/007
SANDORE' SRL UNIPERSONALE	POSIZIONE	D7/064
SANELLI AMBROGIO SAS	POSIZIONE	D2/031
SANREMO COFFEE MACHINES SRL	POSIZIONE	A1/177B
SANTABONA  MACARON	POSIZIONE	B2/007
SANTORELLI 1936 SRL	POSIZIONE	B2/028
SANTOS S.A.S.	POSIZIONE	C3/006
SARA CREAZIONI SRL	POSIZIONE	C4/060
SARA GEL SRL	POSIZIONE	B7/120
SARACINO SRL	POSIZIONE	B4/051
SCA ITALY	POSIZIONE	A1/056
SCATOLIFICIO VENEZIA SRL	POSIZIONE	B6/004
SCHNEIDER GMBH	POSIZIONE	B5/007
Schomaker Convenience Technik GmbH	POSIZIONE	D5/049
Sciara SRL - La Terra del Pistacchio	POSIZIONE	C4/048 A
SCOTSMAN ICE SRL - DIVISIONE SIMAG	POSIZIONE	D1/036
SCOTTON SPA	POSIZIONE	B6/023
SCREAMS-RICO SNC	POSIZIONE	C3/019, C5/015
Seda Italy	POSIZIONE	A7/161
SEGAFREDO ZANETTI SPA	POSIZIONE	B1/069
SELECT BAKERY SA	POSIZIONE	B7/009
SELMI SRL - CHOCOLATE MACHINERY AND EQUIPMENT	POSIZIONE	C2/030, B1/120
SENG CORPORATION SRL	POSIZIONE	A2/075
SEPAL SRL	POSIZIONE	C1/014
SERGEL GELATI S.L.	POSIZIONE	C5/090
SERIART G2 SRL	POSIZIONE	A1/010
SERUM ITALIA SPA	POSIZIONE	A5/195
SEVEL	POSIZIONE	A5/001
SFERA S.R.L.	POSIZIONE	C6/060
SFINGE ETICHETTE	POSIZIONE	D8/036
SFIZY CONSULTING DI MARIO CAMPO	POSIZIONE	C4/111
SHANDONG SHENGQUAN NEW MATERIALS CO.,LTD	POSIZIONE	C6/017
SHANGHAI LANGTUO INTELLIGENCE TECHNOLOGY CO., LTD	POSIZIONE	D4/048
SHANGHAI TIGERACE INDUSTRIAL DEVELOPMENT,CO.,LTD	POSIZIONE	A6/055
SHANGHAI XIANGWEI PACKAGING CO. LTD	POSIZIONE	A6/026
SHMOH ALMADICO	POSIZIONE	B1/147, B1/186, B1/152, B1/100
SIBILL SRL	POSIZIONE	A2/061
SICOLY®	POSIZIONE	A7/190
SICULABRIOSCE SRL	POSIZIONE	C5/190
SIGELPROM LDA	POSIZIONE	C3/138
SIGEP ALL AROUND THE WORLD	POSIZIONE	A1/000A, A1/058, B5/018, A1/000
SIGEP GIOVANI	POSIZIONE	C7/180
SIGITASPAK SRL	POSIZIONE	D8/044
SIGMA SRL	POSIZIONE	D7/165
SILANOS SRL	POSIZIONE	D3/053
SILIKOMART	POSIZIONE	C2/056, C2/042
SIMONE GATTO SRL	POSIZIONE	A7/053
SIMONELLI GROUP SPA	POSIZIONE	B1/154
SIMPLY SFA - Sensorial Food Analysis	POSIZIONE	C4/109
SINOFCOLD SRL	POSIZIONE	D3/197
SINTEK SRL	POSIZIONE	C3/187
SIPRAL PADANA SRL	POSIZIONE	B5/036
SIRMAN SPA	POSIZIONE	D3/114
SISTEMA GUSTO - SG HOTELS SRL	POSIZIONE	A2/015A, A2/015, A2/041
SISTEMA UFFICIO SRL	POSIZIONE	A3/014
SKELLO SAS	POSIZIONE	A3/054
SMART SENSORY SOLUTIONS SRL	POSIZIONE	C4/117
SMART SOLUTIONS GMBH	POSIZIONE	C1/055
SMEG S.P.A.	POSIZIONE	D1/194
SMOOF SP Z.O.O.	POSIZIONE	A6/012
SNG Group - SID Parma SRL	POSIZIONE	A6/004
SOCADO SRL	POSIZIONE	C3/164
SOCIETA' AGRICOLA CARBONE SAS	POSIZIONE	A6/033
SOCIETA' AGRICOLA MEDEA	POSIZIONE	A6/033
SOCIETA' PUBBLICITA' EDITORIALE E DIGITALE SRL		
SOCIETA’ AGRICOLA TENUTA IL MELOGRANO SRL	POSIZIONE	A7/124
SOLARIS SRL	POSIZIONE	A2/073
SOPP INDUSTRIE GMBH	POSIZIONE	B3/096
SORI' ITALIA SRL	POSIZIONE	B8/069
SOST SRL	POSIZIONE	D7/130A, D7/130
Sotemapack Spa	POSIZIONE	Hall B7-D7/009
SPACEMAN	POSIZIONE	C3/137
SPADAFORA SRL IND. BIBITE GASSATE	POSIZIONE	A6/033
SPAZIO GENIO SRL	POSIZIONE	D8/011
SPELOR ELECTRICAL APPLIANCES (ZHEJIANG) CO. LTD	POSIZIONE	A6/019
SPERIKOTTA SAS DI G. D'AGOSTINO & C.	POSIZIONE	B5/010
SPICE SHIP SRL	POSIZIONE	A6/033
SPL INDUSTRIES / EVOPALLET	POSIZIONE	C3/106
SPS ITALIANA PACK SYSTEMS SPA	POSIZIONE	D7/143
STAF59	POSIZIONE	A5/161
STAFF ICE SYSTEM	POSIZIONE	A5/161
STANPAC INC	POSIZIONE	A6/056
STAR MICRONICS EUROPE LTD	POSIZIONE	C6/059
STARMIX	POSIZIONE	D7/065
STELLA	POSIZIONE	A3/129
STENGER WAFFELN GERWISCH GMBH	POSIZIONE	C5/132
STENO F.LLI NAZZARI SNC	POSIZIONE	D7/022
STIMA SRL	POSIZIONE	A6/006, A5/103, C5/096, A4/055
STRAMONDO SRL	POSIZIONE	C1/001
STUDIO 54 SRL	POSIZIONE	D1/147
SUBBA SRL	POSIZIONE	D4/052
SumUp	POSIZIONE	A1/200
SUNMIX SRL	POSIZIONE	D7/030
SUNMIX SRL UNIPERSONALE	POSIZIONE	D7/030
SURGELATI MAGAZINE	POSIZIONE	B7/216
SURIVAN FEEL THE TASTE SL	POSIZIONE	A5/167
SUTTOFAMILY	POSIZIONE	D1/074
SUZHOU SPHINXFOOD CO.,LTD	POSIZIONE	B3/121
SWEET BEVERAGE	POSIZIONE	B1/146
SWEET COFFEE ITALIA	POSIZIONE	B1/027B
SWEETBIO SRL	POSIZIONE	D5/187
SWEETS FACTORY S.R.L.	POSIZIONE	A2/015A, A2/015, A2/041
Switch on power eood	POSIZIONE	C6/056
SYSTEM CONNECTION SRL	POSIZIONE	A2/058
T.L.M. SRL	POSIZIONE	B3/063
T.P.A. IMPEX SPA	POSIZIONE	D2/028
T'A MILANO SRL	POSIZIONE	B7/095
TADDIA SPA	POSIZIONE	A7/086
TAIZHOU JIAOXING TRANSMISSION EQUIPMENT CO., LTD.	POSIZIONE	A6/020
TAND-S SRLS	POSIZIONE	C4/047
TAOLEFAH	POSIZIONE	B1/147, B1/186, B1/152, B1/100
TASTE OF TOMORROW	POSIZIONE	D6/514, D6/513, D6/512, D6/511, D6/511, D6/510, D6/503, D6/501, D6/010
TAYLOR COMPANY	POSIZIONE	C1/200
TEAM SIGEP		
TEAMSYSTEM SPA	POSIZIONE	A3/098
TECHFOOD BY SOGABE SRL	POSIZIONE	B1/001A, B1/001
TECHFROST SRL	POSIZIONE	C1/039
TECHNOGEL SPA	POSIZIONE	C3/160
TECNALIMENTARIA - EDITRICE EDF TREND SRL		
TECNOARREDAMENTI SRL	POSIZIONE	Hall B5-D5/004
TECNOBLEND SRL	POSIZIONE	C7/052
TECNOCHOC SRL	POSIZIONE	B3/150
TECNODOM SPA	POSIZIONE	D3/067
TecnoEdizioni Group S.r.l.		
TECNOEKA SRL	POSIZIONE	D3/157
TECNOINOX SRL SOCIO UNICO	POSIZIONE	D3/187
TECNOMAC	POSIZIONE	D3/120
TECNOSTYLE SRLS	POSIZIONE	C4/059
TEKNALINE SRL	POSIZIONE	C3/031
TEKNE'ITALIA SRL	POSIZIONE	C5/012
TEKNO SOLVING SRLS	POSIZIONE	D7/177
TEKNO STAMAP	POSIZIONE	Hall B7-D7/008
Teknoice - Ice Cream Machines	POSIZIONE	C3/016
TELME SPA	POSIZIONE	A5/041
TERRE DEL SOLE ZERILLI	POSIZIONE	C4/048 A
TESORO AMAZONICO	POSIZIONE	B1/305, B1/304
TESTO SPA		
TETRA PAK ITALIANA SPA	POSIZIONE	C2/041
THE SIGNATURE COLLECTION - DOBLA CESARIN RAVIFRUIT DOMORI - IRCA GROUP	POSIZIONE	B3/115
THINK:WATER SRL	POSIZIONE	D3/039
TI.PACK SRL - SCATOLE IN METALLO DECORATE	POSIZIONE	B1/197
TIERRE GROUP SPA	POSIZIONE	D1/151
TIZIAMA LAB ITALIA SRLS	POSIZIONE	C4/110
TIZIANO PASTRY SRL	POSIZIONE	B7/176
Tomassicoffee	POSIZIONE	A1/135
TOMATO AI SRL	POSIZIONE	A3/012
Tonste GmbH	POSIZIONE	C2/009
Too Brave Chocolate	POSIZIONE	C1/022
TOOA SPA	POSIZIONE	C1/059
TORRCAFFE' SRL	POSIZIONE	B1/109B
TORREFAZIONE CAFFE' KRIFI SPA	POSIZIONE	C3/126
TORRONALBA SRL	POSIZIONE	A5/175
TOSCHI VIGNOLA SRL	POSIZIONE	A1/177 D
TRADIZIONE CAMPANA SRL	POSIZIONE	B8/029
TURBOCHEF TECHNOLOGIES, LLC	POSIZIONE	D1/105
TURKOGLU KAGIT KARTON SAN. VE TIC. A.S.	POSIZIONE	B4/041
Tuttocapsule	POSIZIONE	B1/213
TWO SIDES SRL	POSIZIONE	B1/107
UCCIPLAST SRL	POSIZIONE	D8/042
UGOLINI	POSIZIONE	C5/134
ULTRAGEL SRL	POSIZIONE	C5/166
ULTRONEO SRL	POSIZIONE	A2/049
UNIGEL SPA	POSIZIONE	C5/001
UNIONALIMENTARI - CONFAPI	POSIZIONE	D5/019
UNIONPLUS SRL	POSIZIONE	C3/164
UNIPIAZZA SRL	POSIZIONE	C4/119
UNITECRAM DI ROBERTO AMICO	POSIZIONE	D7/123
UNIVAC - Lavezzini - Euromatic	POSIZIONE	D3/147
UNIVEST	POSIZIONE	C3/105
UNOX SPA	POSIZIONE	D2/034-068, D2/034-068
VAIHINGER GMBH SANOMAT	POSIZIONE	C1/187
VALCOLATTE SPA	POSIZIONE	B8/072
VALENTINO CAFFE' S.P.A.	POSIZIONE	B1/149
Valgri - COPPOLA ENTERPRICE SRL	POSIZIONE	B8/115
VALMAR D.O.O.	POSIZIONE	C3/029
VALMAR GLOBAL D.O.O.	POSIZIONE	C1/191, C1/170
VALRHONA	POSIZIONE	B3/040
VAN BERKEL INTERNATIONAL SRL	POSIZIONE	D3/016
Van der Pol	POSIZIONE	C4/054
VANDEMOORTELE EUROPE NV (SEDE SECONDARIA ITALIA)	POSIZIONE	B7/081
VANGELISTI APICOLTURA SRL	POSIZIONE	C3/164
VANILLE LAVANY DE MADAGASCAR	POSIZIONE	B3/152
VARIMIXER A/S	POSIZIONE	D1/105
VELMA SRL	POSIZIONE	D1/008
VELOX BARCHITTA SRL	POSIZIONE	D3/200
VEMA SRL	POSIZIONE	A1/198
VEMAG Maschinenbau GmbH	POSIZIONE	D5/049
VENDING PRESS SRL		
VENIX SRL	POSIZIONE	D2/029
Vertical - ItaliaSquisita		
VESTA SRL	POSIZIONE	D1/153
VETRERIE IRGHER SRL	POSIZIONE	C4/030
Vicentia S.r.l.	POSIZIONE	D8/032
VIEBI GROUP SRL	POSIZIONE	D7/050
Vignoli Graf Srl	POSIZIONE	D7/164
VIGNOLI SRL	POSIZIONE	D7/164
Vimek Bakery Automation srl	POSIZIONE	D7/130A, D7/130
VIRTUS GROUP GMBH	POSIZIONE	B8/101
VISION PLAZA	POSIZIONE	Hall SUD/300
VITELLA	POSIZIONE	D7/065
VITO ITALIA SRL	POSIZIONE	D4/004
VITRAY PLASTIK AMB. VE GIDA SAN. TIC. AS.	POSIZIONE	B3/153
Viva.com	POSIZIONE	A4/010
VL EVENTS SAS		
VNE SPA	POSIZIONE	A3/097
VOG PRODUCTS SOC. AGR. COOP.	POSIZIONE	D5/190
VOILA'! - GLOBAL SERVICES SRL	POSIZIONE	A4/046
VOLCKE AEROSOL ITALY SRL	POSIZIONE	B3/013
VOMOND	POSIZIONE	C5/182
WAAGE SRL	POSIZIONE	D8/040
WAFFELFABRIK FINDEISEN GMBH	POSIZIONE	C5/010
WAFFELMAN SRL	POSIZIONE	B5/013
WAFLEX	POSIZIONE	A5/162
WAHU SRL	POSIZIONE	D1/191
WAICO GROUP	POSIZIONE	D7/065
WALTERWERK KIEL GMBH & CO. KG	POSIZIONE	C3/151
WARING	POSIZIONE	D2/024
WATER WORLD MAPI	POSIZIONE	C1/009
WATERCUT - METRONICS TECHNOLOGIES S.L.	POSIZIONE	D5/032
WATERJET CORPORATION SRL	POSIZIONE	B3/062
WE GRILL AND MORE SRL	POSIZIONE	D1/026B
WELBILT ITALIA	POSIZIONE	D3/034
Wenzhou Baofeng Packing Technology Co., Ltd.	POSIZIONE	A6/026
WFR DISTRIBUZIONE ITALIA SRL	POSIZIONE	C5/174
WINTERHALTER ITALIA SRL	POSIZIONE	D3/116
WOLF BUTTERBACK KG	POSIZIONE	B7/163
WOLLENHAUPT VANILLE GMBH	POSIZIONE	C3/190
WUXI DANXIAO MACHINERY CO., LTD.	POSIZIONE	A5/190
WUXI HUAYU STAINLESS STEEL CHAIN FACTORY	POSIZIONE	C6/020
WYTWORNIA WAFLI JAGA	POSIZIONE	A6/014
XIAMEN WEIMON ENVIRONMENTAL MATERIALS CO.,LTD	POSIZIONE	A6/024
XLVI OPERAI DEL VAPORE SRL	POSIZIONE	B1/035
YAM ROASTERY & COFFEE	POSIZIONE	B1/147, B1/186, B1/152, B1/100
Yes Pac	POSIZIONE	C3/014
Yes Pac for packaging solutions	POSIZIONE	C3/014
YEYASSO COOP-CA	POSIZIONE	B1/104
YONGKANG XINJINHUA MACHINERY FACTORY	POSIZIONE	A6/025
Z.MATIK SRL	POSIZIONE	D7/052
ZAFHIR GROUP SRL	POSIZIONE	B4/005
ZANINI MOBILI SAS	POSIZIONE	C6/041
ZANOLLI DR. SRL	POSIZIONE	D7/038
ZANUSSI PROFESSIONAL	POSIZIONE	D5/154A, D5/154
ZERNIKE SRL	POSIZIONE	D4/016
ZERYNTH SPA	POSIZIONE	C4/107
ZHONGSHAN BAIMEI PLASTIC INDUSTRY CO.,LTD	POSIZIONE	A1/169
ZILIO FILIPPO Tecnologie per il Caffè	POSIZIONE	A1/177C
ZIO PEPE SRL	POSIZIONE	B8/105
ZUCCHETTI	POSIZIONE	A3/175
ZUCCHETTI CENTRO SISTEMI SPA	POSIZIONE	A3/175
Zumex Group	POSIZIONE	D1/197
ZUMMO ITALIA - FANTINI SRL	POSIZIONE	D1/006